0.0976973,0.755009,0.126108,0.021186,0,1,0,0,
0.0987438,0.751538,0.127933,0.0217854,0,1,0,0,
0.0997826,0.74806,0.129759,0.0223987,0,1,0,0,
0.100813,0.744576,0.131584,0.0230262,0,1,0,0,
0.101835,0.741088,0.133409,0.023668,0,1,0,0,
0.102848,0.737595,0.135232,0.0243245,0,1,0,0,
0.103852,0.734099,0.137053,0.0249959,0,1,0,0,
0.104846,0.730601,0.13887,0.0256823,0,1,0,0,
0.10583,0.727102,0.140684,0.0263841,0,1,0,0,
0.106804,0.723601,0.142494,0.0271014,0,1,0,0,
0.107766,0.720101,0.144298,0.0278345,0,1,0,0,
0.108718,0.716603,0.146096,0.0285836,0,1,0,0,
0.109658,0.713106,0.147888,0.029349,0,1,0,0,
0.110586,0.709611,0.149672,0.0301308,0,1,0,0,
0.111502,0.70612,0.151448,0.0309295,0,1,0,0,
0.112406,0.702634,0.153215,0.0317451,0,1,0,0,
0.113297,0.699152,0.154974,0.032578,0,1,0,0,
0.114175,0.695675,0.156721,0.0334283,0,1,0,0,
0.115039,0.692206,0.158459,0.0342963,0,1,0,0,
0.115891,0.688743,0.160184,0.0351823,0,1,0,0,
0.116728,0.685288,0.161898,0.0360866,0,1,0,0,
0.117551,0.681841,0.163599,0.0370093,0,1,0,0,
0.11836,0.678403,0.165286,0.0379507,0,1,0,0,
0.119155,0.674975,0.166959,0.0389111,0,1,0,0,
0.119935,0.671556,0.168618,0.0398907,0,1,0,0,
0.1207,0.668149,0.170261,0.0408898,0,1,0,0,
0.12145,0.664752,0.171889,0.0419086,0,1,0,0,
0.122185,0.661368,0.1735,0.0429473,0,1,0,0,
0.122905,0.657995,0.175094,0.0440064,0,1,0,0,
0.123609,0.654635,0.176671,0.0450859,0,1,0,0,
0.124297,0.651288,0.178229,0.0461862,0,1,0,0,
0.12497,0.647954,0.179769,0.0473074,0,1,0,0,
0.125626,0.644635,0.181289,0.04845,0,1,0,0,
0.126267,0.641329,0.18279,0.0496141,0,1,0,0,
0.126892,0.638038,0.18427,0.0508,0,1,0,0,
0.1275,0.634762,0.18573,0.0520079,0,1,0,0,
0.128092,0.631501,0.187169,0.0532382,0,1,0,0,
0.128668,0.628255,0.188586,0.054491,0,1,0,0,
0.129228,0.625025,0.189981,0.0557667,0,1,0,0,
0.129771,0.62181,0.191353,0.0570655,0,1,0,0,
0.130297,0.618612,0.192703,0.0583877,0,1,0,0,
0.130808,0.61543,0.194029,0.0597335,0,1,0,0,
0.131301,0.612264,0.195331,0.0611032,0,1,0,0,
0.131778,0.609115,0.19661,0.0624971,0,1,0,0,
0.132238,0.605982,0.197864,0.0639154,0,1,0,0,
0.132682,0.602866,0.199093,0.0653584,0,1,0,0,
0.13311,0.599767,0.200297,0.0668264,0,1,0,0,
0.13352,0.596685,0.201476,0.0683195,0,1,0,0,
0.133914,0.593619,0.202629,0.0698382,0,1,0,0,
0.134292,0.59057,0.203755,0.0713826,0,1,0,0,
0.134653,0.587538,0.204856,0.0729531,0,1,0,0,
0.134997,0.584523,0.20593,0.0745498,0,1,0,0,
0.135325,0.581525,0.206977,0.076173,0,1,0,0,
0.135637,0.578543,0.207997,0.077823,0,1,0,0,
0.135932,0.575578,0.208989,0.0795001,0,1,0,0,
0.136211,0.57263,0.209954,0.0812045,0,1,0,0,
0.136474,0.569698,0.210892,0.0829365,0,1,0,0,
0.13672,0.566782,0.211801,0.0846963,0,1,0,0,
0.136951,0.563883,0.212682,0.0864841,0,1,0,0,
0.137165,0.561,0.213535,0.0883003,0,1,0,0,
0.137363,0.558133,0.214359,0.0901451,0,1,0,0,
0.137545,0.555282,0.215155,0.0920187,0,1,0,0,
0.137711,0.552446,0.215922,0.0939213,0,1,0,0,
0.137861,0.549626,0.21666,0.0958533,0,1,0,0,
0.137996,0.546821,0.217368,0.0978148,0,1,0,0,
0.138115,0.544031,0.218048,0.0998061,0,1,0,0,
0.138218,0.541256,0.218699,0.101827,0,1,0,0,
0.138306,0.538496,0.21932,0.103879,0,1,0,0,
0.138378,0.53575,0.219911,0.105961,0,1,0,0,
0.138435,0.533018,0.220473,0.108074,0,1,0,0,
0.138477,0.530301,0.221005,0.110218,0,1,0,0,
0.138503,0.527597,0.221508,0.112392,0,1,0,0,
0.138514,0.524906,0.221981,0.114599,0,1,0,0,
0.13851,0.522229,0.222424,0.116836,0,1,0,0,
0.138492,0.519565,0.222838,0.119106,0,1,0,0,
0.138458,0.516914,0.223221,0.121407,0,1,0,0,
0.13841,0.514275,0.223575,0.123741,0,1,0,0,
0.138346,0.511648,0.223899,0.126107,0,1,0,0,
0.138269,0.509033,0.224193,0.128505,0,1,0,0,
0.138176,0.50643,0.224457,0.130937,0,1,0,0,
0.13807,0.503839,0.224691,0.133401,0,1,0,0,
0.137949,0.501258,0.224895,0.135898,0,1,0,0,
0.137814,0.498689,0.225069,0.138428,0,1,0,0,
0.137664,0.49613,0.225214,0.140992,0,1,0,0,
0.137501,0.493582,0.225329,0.143589,0,1,0,0,
0.137323,0.491043,0.225414,0.146219,0,1,0,0,
0.137132,0.488515,0.225469,0.148884,0,1,0,0,
0.136927,0.485996,0.225495,0.151582,0,1,0,0,
0.136708,0.483486,0.225491,0.154314,0,1,0,0,
0.136476,0.480985,0.225458,0.157081,0,1,0,0,
0.13623,0.478493,0.225395,0.159881,0,1,0,0,
0.135971,0.47601,0.225303,0.162716,0,1,0,0,
0.135698,0.473535,0.225182,0.165585,0,1,0,0,
0.135412,0.471068,0.225031,0.168489,0,1,0,0,
0.135113,0.468608,0.224852,0.171427,0,1,0,0,
0.134801,0.466157,0.224643,0.174399,0,1,0,0,
0.134477,0.463712,0.224406,0.177406,0,1,0,0,
0.134139,0.461275,0.224139,0.180447,0,1,0,0,
0.133788,0.458844,0.223844,0.183523,0,1,0,0,
0.133425,0.45642,0.223521,0.186634,0,1,0,0,
0.133049,0.454002,0.223169,0.189779,0,1,0,0,
0.132661,0.451591,0.22279,0.192959,0,1,0,0,
0.132261,0.449185,0.222382,0.196173,0,1,0,0,
0.131848,0.446785,0.221946,0.199421,0,1,0,0,
0.131423,0.444391,0.221482,0.202704,0,1,0,0,
0.130986,0.442002,0.220991,0.206021,0,1,0,0,
0.130537,0.439618,0.220472,0.209372,0,1,0,0,
0.130076,0.43724,0.219926,0.212758,0,1,0,0,
0.129604,0.434866,0.219353,0.216177,0,1,0,0,
0.12912,0.432497,0.218753,0.21963,0,1,0,0,
0.128624,0.430132,0.218127,0.223117,0,1,0,0,
0.128117,0.427772,0.217474,0.226637,0,1,0,0,
0.127599,0.425416,0.216795,0.230191,0,1,0,0,
0.127069,0.423064,0.21609,0.233777,0,1,0,0,
0.126529,0.420716,0.215359,0.237397,0,1,0,0,
0.125977,0.418371,0.214602,0.241049,0,1,0,0,
0.125415,0.416031,0.21382,0.244733,0,1,0,0,
0.124842,0.413694,0.213014,0.24845,0,1,0,0,
0.124259,0.411361,0.212182,0.252199,0,1,0,0,
0.123665,0.409031,0.211326,0.255978,0,1,0,0,
0.12306,0.406705,0.210445,0.25979,0,1,0,0,
0.122446,0.404382,0.20954,0.263632,0,1,0,0,
0.121822,0.402062,0.208612,0.267504,0,1,0,0,
0.121187,0.399746,0.20766,0.271407,0,1,0,0,
0.120543,0.397433,0.206686,0.275339,0,1,0,0,
0.119889,0.395122,0.205688,0.2793,0,1,0,0,
0.119226,0.392816,0.204668,0.283291,0,1,0,0,
0.118554,0.390512,0.203626,0.287309,0,1,0,0,
0.117872,0.388211,0.202561,0.291356,0,1,0,0,
0.117181,0.385914,0.201476,0.29543,0,1,0,0,
0.116481,0.38362,0.200369,0.29953,0,1,0,0,
0.115773,0.381329,0.199241,0.303657,0,1,0,0,
0.115056,0.379041,0.198093,0.30781,0,1,0,0,
0.114331,0.376756,0.196925,0.311988,0,1,0,0,
0.113598,0.374475,0.195737,0.31619,0,1,0,0,
0.112856,0.372198,0.19453,0.320416,0,1,0,0,
0.112107,0.369924,0.193303,0.324665,0,1,0,0,
0.11135,0.367654,0.192059,0.328937,0,1,0,0,
0.110586,0.365387,0.190796,0.333231,0,1,0,0,
0.109814,0.363124,0.189515,0.337546,0,1,0,0,
0.109036,0.360865,0.188218,0.341881,0,1,0,0,
0.10825,0.358611,0.186903,0.346236,0,1,0,0,
0.107458,0.35636,0.185572,0.35061,0,1,0,0,
0.106659,0.354114,0.184225,0.355001,0,0,0,1,
0.105854,0.351873,0.182863,0.35941,0,0,0,1,
0.105043,0.349636,0.181486,0.363835,0,0,0,1,
0.104226,0.347405,0.180094,0.368276,0,0,0,1,
0.103403,0.345178,0.178688,0.372731,0,0,0,1,
0.102575,0.342957,0.177268,0.3772,0,0,0,1,
0.101742,0.340741,0.175835,0.381681,0,0,0,1,
0.100904,0.338532,0.17439,0.386174,0,0,0,1,
0.100061,0.336328,0.172933,0.390678,0,0,0,1,
0.0992138,0.33413,0.171464,0.395192,0,0,0,1,
0.0983622,0.33194,0.169984,0.399714,0,0,0,1,
0.0975066,0.329755,0.168493,0.404245,0,0,0,1,
0.0966472,0.327578,0.166993,0.408782,0,0,0,1,
0.0957843,0.325409,0.165483,0.413324,0,0,0,1,
0.0949181,0.323247,0.163964,0.417871,0,0,0,1,
0.0940488,0.321093,0.162437,0.422421,0,0,0,1,
0.0931768,0.318947,0.160902,0.426974,0,0,0,1,
0.0923023,0.31681,0.15936,0.431528,0,0,0,1,
0.0914256,0.314682,0.157811,0.436082,0,0,0,1,
0.0905469,0.312562,0.156256,0.440635,0,0,0,1,
0.0896664,0.310453,0.154695,0.445186,0,0,0,1,
0.0887844,0.308354,0.153129,0.449733,0,0,0,1,
0.0879013,0.306264,0.151559,0.454275,0,0,0,1,
0.0870172,0.304186,0.149985,0.458812,0,0,0,1,
0.0861325,0.302118,0.148408,0.463342,0,0,0,1,
0.0852473,0.300062,0.146827,0.467863,0,0,0,1,
0.084362,0.298018,0.145245,0.472375,0,0,0,1,
0.0834768,0.295986,0.143661,0.476876,0,0,0,1,
0.0825921,0.293966,0.142076,0.481366,0,0,0,1,
0.0817079,0.291959,0.140491,0.485842,0,0,0,1,
0.0808247,0.289966,0.138906,0.490304,0,0,0,1,
0.0799427,0.287986,0.137321,0.49475,0,0,0,1,
0.0790622,0.286021,0.135738,0.49918,0,0,0,1,
0.0781834,0.284069,0.134156,0.503591,0,0,0,1,
0.0773065,0.282133,0.132577,0.507984,0,0,0,1,
0.0764319,0.280212,0.131,0.512356,0,0,0,1,
0.0755597,0.278307,0.129427,0.516706,0,0,0,1,
0.0746903,0.276418,0.127858,0.521034,0,0,0,1,
0.0738238,0.274545,0.126293,0.525338,0,0,0,1,
0.0729606,0.272689,0.124733,0.529617,0,0,0,1,
0.0721008,0.27085,0.123179,0.53387,0,0,0,1,
0.0712447,0.269029,0.121631,0.538095,0,0,0,1,
0.0703925,0.267226,0.120089,0.542292,0,0,0,1,
0.0695445,0.265442,0.118554,0.54646,0,0,0,1,
0.0687008,0.263676,0.117026,0.550597,0,0,0,1,
0.0678617,0.261929,0.115506,0.554703,0,0,0,1,
0.0670274,0.260202,0.113995,0.558776,0,0,0,1,
0.0661981,0.258494,0.112492,0.562816,0,0,0,1,
0.0653739,0.256806,0.110998,0.566822,0,0,0,1,
0.0645552,0.255139,0.109514,0.570792,0,0,0,1,
0.0637419,0.253493,0.10804,0.574726,0,0,0,1,
0.0629344,0.251867,0.106576,0.578622,0,0,0,1,
0.0621328,0.250263,0.105123,0.582482,0,0,0,1,
0.0613373,0.24868,0.10368,0.586302,0,0,0,1,
0.0605479,0.24712,0.102249,0.590083,0,0,0,1,
0.0597649,0.245581,0.10083,0.593824,0,0,0,1,
0.0589884,0.244065,0.0994223,0.597525,0,0,0,1,
0.0582185,0.242571,0.0980271,0.601184,0,0,0,1,
0.0574554,0.241099,0.0966443,0.604801,0,0,0,1,
0.056699,0.239651,0.0952742,0.608376,0,0,0,1,
0.0559497,0.238226,0.0939171,0.611907,0,0,0,1,
0.0552073,0.236824,0.0925731,0.615396,0,0,0,1,
0.0544722,0.235445,0.0912425,0.61884,0,0,0,1,
0.0537442,0.23409,0.0899255,0.622241,0,0,0,1,
0.0530235,0.232758,0.0886222,0.625597,0,0,0,1,
0.0523102,0.231449,0.0873327,0.628908,0,0,0,1,
0.0516042,0.230165,0.0860573,0.632174,0,0,0,1,
0.0509058,0.228904,0.084796,0.635394,0,0,0,1,
0.0502148,0.227667,0.0835489,0.638569,0,0,0,1,
0.0495313,0.226454,0.0823162,0.641699,0,0,0,1,
0.0488554,0.225264,0.0810978,0.644783,0,0,0,1,
0.0481871,0.224098,0.0798939,0.647821,0,0,0,1,
0.0475264,0.222956,0.0787045,0.650813,0,0,0,1,
0.0468732,0.221837,0.0775296,0.65376,0,0,0,1,
0.0462276,0.220742,0.0763693,0.656661,0,0,0,1,
0.0455896,0.21967,0.0752236,0.659517,0,0,0,1,
0.0449592,0.218621,0.0740924,0.662327,0,0,0,1,
0.0443363,0.217596,0.0729757,0.665092,0,0,0,1,
0.0437209,0.216593,0.0718736,0.667812,0,0,0,1,
0.043113,0.215614,0.0707859,0.670488,0,0,0,1,
0.0425125,0.214656,0.0697126,0.673118,0,0,0,1,
0.0419194,0.213722,0.0686537,0.675705,0,0,0,1,
0.0413337,0.212809,0.067609,0.678248,0,0,0,1,
0.0407553,0.211919,0.0665786,0.680747,0,0,0,1,
0.0401841,0.21105,0.0655623,0.683204,0,0,0,1,
0.0396201,0.210203,0.0645599,0.685617,0,0,0,1,
0.0390632,0.209377,0.0635715,0.687989,0,0,0,1,
0.0385133,0.208572,0.0625969,0.690318,0,0,0,1,
0.0379705,0.207787,0.0616359,0.692607,0,0,0,1,
0.0374346,0.207023,0.0606886,0.694854,0,0,0,1,
0.0369055,0.206278,0.0597546,0.697062,0,0,0,1,
0.0363831,0.205554,0.0588339,0.699229,0,0,0,1,
0.0358674,0.204848,0.0579264,0.701358,0,0,0,1,
0.0353584,0.204162,0.0570318,0.703448,0,0,0,1,
0.0348558,0.203494,0.0561501,0.7055,0,0,0,1,
0.0343597,0.202844,0.0552811,0.707515,0,0,0,1,
0.0338699,0.202212,0.0544247,0.709493,0,0,0,1,
0.0333864,0.201598,0.0535807,0.711435,0,0,0,1,
0.032909,0.201,0.0527488,0.713342,0,0,0,1,
0.0324377,0.20042,0.0519291,0.715214,0,0,0,1,
0.0319725,0.199855,0.0511213,0.717051,0,0,0,1,
0.0315131,0.199306,0.0503252,0.718856,0,0,0,1,
0.0310595,0.198773,0.0495406,0.720627,0,0,0,1,
0.0306117,0.198254,0.0487675,0.722367,0,0,0,1,
0.0301695,0.19775,0.0480057,0.724075,0,0,0,1,
0.0297329,0.19726,0.0472549,0.725752,0,0,0,1,
0.0293017,0.196784,0.046515,0.727399,0,0,0,1,
0.028876,0.196321,0.0457859,0.729017,0,0,0,1,
0.0284555,0.19587,0.0450674,0.730607,0,0,0,1,
0.0280402,0.195432,0.0443593,0.732168,0,0,0,1,
0.0276301,0.195006,0.0436615,0.733703,0,0,0,1,
0.027225,0.194591,0.0429738,0.73521,0,0,0,1,
0.0268249,0.194187,0.042296,0.736692,0,0,0,1,
0.0264297,0.193793,0.041628,0.738149,0,0,0,1,
0.0260393,0.193409,0.0409697,0.739582,0,0,0,1,
0.0256537,0.193035,0.0403208,0.74099,0,0,0,1,
0.0252727,0.19267,0.0396813,0.742376,0,0,0,1,
0.0248963,0.192314,0.039051,0.743739,0,0,0,1,
0.0245244,0.191965,0.0384297,0.745081,0,0,0,1,
0.0241569,0.191625,0.0378173,0.746401,0,0,0,1,
0.0237939,0.191291,0.0372136,0.747701,0,0,0,1,
0.0234351,0.190965,0.0366186,0.748982,0,0,0,1,
0.0230806,0.190644,0.036032,0.750243,0,0,0,1,
0.0227303,0.19033,0.0354538,0.751486,0,0,0,1,
0.0223841,0.190021,0.0348838,0.752711,0,0,0,1,
0.022042,0.189717,0.0343218,0.753919,0,0,0,1,
0.0217039,0.189418,0.0337679,0.75511,0,0,0,1,
0.0213698,0.189123,0.0332217,0.756285,0,0,0,1,
0.0210395,0.188832,0.0326833,0.757445,0,0,0,1,
0.0207131,0.188544,0.0321525,0.758591,0,0,0,1,
0.0203905,0.188258,0.0316291,0.759722,0,0,0,1,
0.0200717,0.187976,0.0311132,0.76084,0,0,0,1,
0.0197565,0.187695,0.0306044,0.761944,0,0,0,1,
0.0194451,0.187416,0.0301029,0.763036,0,0,0,1,
0.0191372,0.187138,0.0296084,0.764116,0,0,0,1,
0.0188329,0.186861,0.0291208,0.765185,0,0,0,1,
0.0185321,0.186585,0.0286401,0.766243,0,0,0,1,
0.0182348,0.186309,0.0281661,0.76729,0,0,0,1,
0.017941,0.186032,0.0276987,0.768328,0,0,0,1,
0.0176506,0.185755,0.027238,0.769356,0,0,0,1,
0.0173636,0.185477,0.0267837,0.770376,0,0,0,1,
0.0170799,0.185198,0.0263358,0.771387,0,0,0,1,
0.0167996,0.184917,0.0258942,0.772389,0,0,0,1,
0.0165226,0.184634,0.0254588,0.773385,0,0,0,1,
0.0162488,0.184349,0.0250295,0.774373,0,0,0,1,
0.0159782,0.184061,0.0246063,0.775355,0,0,0,1,
0.0157108,0.18377,0.024189,0.77633,0,0,0,1,
0.0154467,0.183476,0.0237777,0.7773,0,0,0,1,
0.0151856,0.183178,0.0233722,0.778264,0,0,0,1,
0.0149277,0.182877,0.0229724,0.779223,0,0,0,1,
0.0146729,0.182572,0.0225783,0.780177,0,0,0,1,
0.0144212,0.182262,0.0221898,0.781127,0,0,0,1,
0.0141726,0.181948,0.0218069,0.782073,0,0,0,1,
0.0139269,0.181629,0.0214295,0.783015,0,0,0,1,
0.0136843,0.181305,0.0210575,0.783953,0,0,0,1,
0.0134447,0.180975,0.0206908,0.784889,0,0,0,1,
0.0132081,0.180641,0.0203294,0.785822,0,0,0,1,
0.0129745,0.1803,0.0199733,0.786752,0,0,0,1,
0.0127437,0.179953,0.0196223,0.787681,0,0,0,1,
0.0125159,0.179601,0.0192764,0.788607,0,0,0,1,
0.0122911,0.179242,0.0189356,0.789531,0,0,0,1,
0.0120691,0.178877,0.0185998,0.790454,0,0,0,1,
0.0118499,0.178505,0.0182689,0.791376,0,0,0,1,
0.0116337,0.178126,0.017943,0.792297,0,0,0,1,
0.0114203,0.17774,0.0176218,0.793218,0,0,0,1,
0.0112097,0.177347,0.0173055,0.794137,0,0,0,1,
0.0110019,0.176947,0.0169939,0.795057,0,0,0,1,
0.0107969,0.17654,0.0166869,0.795976,0,0,0,1,
0.0105947,0.176125,0.0163846,0.796895,0,0,0,1,
0.0103952,0.175703,0.0160869,0.797815,0,0,0,1,
0.0101985,0.175273,0.0157937,0.798735,0,0,0,1,
0.0100045,0.174835,0.015505,0.799655,0,0,0,1,
0.00981322,0.174389,0.0152207,0.800577,0,0,0,1,
0.00962464,0.173936,0.0149408,0.801499,0,0,0,1,
0.00943875,0.173474,0.0146652,0.802422,0,0,0,1,
0.00925552,0.173005,0.014394,0.803346,0,0,0,1,
0.00907494,0.172527,0.0141269,0.804271,0,0,0,1,
0.00889699,0.172041,0.0138641,0.805198,0,0,0,1,
0.00872166,0.171547,0.0136054,0.806126,0,0,0,1,
0.00854893,0.171044,0.0133509,0.807056,0,0,0,1,
0.00837877,0.170533,0.0131003,0.807988,0,0,0,1,
0.00821119,0.170014,0.0128538,0.808921,0,0,0,1,
0.00804614,0.169487,0.0126113,0.809856,0,0,0,1,
0.00788363,0.168951,0.0123727,0.810793,0,0,0,1,
0.00772363,0.168407,0.012138,0.811732,0,0,0,1,
0.00756612,0.167854,0.0119071,0.812673,0,0,0,1,
0.00741108,0.167293,0.01168,0.813616,0,0,0,1,
0.0072585,0.166724,0.0114566,0.814561,0,0,0,1,
0.00710835,0.166146,0.011237,0.815509,0,0,0,1,
0.00696062,0.16556,0.011021,0.816458,0,0,0,1,
0.00681529,0.164966,0.0108086,0.81741,0,0,0,1,
0.00667233,0.164363,0.0105998,0.818365,0,0,0,1,
0.00653173,0.163752,0.0103946,0.819322,0,0,0,1,
0.00639346,0.163133,0.0101928,0.820281,0,0,0,1,
0.00625751,0.162505,0.00999443,0.821243,0,0,0,1,
0.00612385,0.16187,0.00979948,0.822207,0,0,0,1,
0.00599246,0.161226,0.0096079,0.823174,0,0,0,1,
0.00586332,0.160574,0.00941963,0.824143,0,0,0,1,
0.00573641,0.159915,0.00923463,0.825114,0,0,0,1,
0.00561171,0.159247,0.00905287,0.826088,0,0,0,1,
0.00548919,0.158571,0.00887429,0.827065,0,0,0,1,
0.00536883,0.157888,0.00869886,0.828044,0,0,0,1,
0.00525061,0.157197,0.00852653,0.829026,0,0,0,1,
0.00513451,0.156498,0.00835727,0.83001,0,0,0,1,
0.0050205,0.155792,0.00819103,0.830997,0,0,0,1,
0.00490856,0.155078,0.00802777,0.831986,0,0,0,1,
0.00479866,0.154356,0.00786744,0.832978,0,0,0,1,
0.00469079,0.153627,0.00771002,0.833972,0,0,0,1,
0.00458491,0.152891,0.00755545,0.834968,0,0,0,1,
0.00448101,0.152148,0.0074037,0.835967,0,0,0,1,
0.00437906,0.151398,0.00725473,0.836969,0,0,0,1,
0.00427903,0.15064,0.00710849,0.837972,0,0,0,1,
0.00418091,0.149876,0.00696496,0.838978,0,0,0,1,
0.00408466,0.149105,0.00682407,0.839987,0,0,0,1,
0.00399027,0.148327,0.00668581,0.840997,0,0,0,1,
0.00389771,0.147542,0.00655013,0.84201,0,0,0,1,
0.00380695,0.146751,0.00641698,0.843025,0,0,0,1,
0.00371797,0.145954,0.00628634,0.844042,0,0,0,1,
0.00363074,0.14515,0.00615816,0.845061,0,0,0,1,
0.00354525,0.14434,0.0060324,0.846082,0,0,0,1,
0.00346147,0.143524,0.00590904,0.847105,0,0,0,1,
0.00337936,0.142702,0.00578802,0.848131,0,0,0,1,
0.00329891,0.141874,0.00566932,0.849158,0,0,0,1,
0.0032201,0.141041,0.00555289,0.850186,0,0,0,1,
0.0031429,0.140201,0.0054387,0.851217,0,0,0,1,
0.00306727,0.139357,0.00532672,0.852249,0,0,0,1,
0.00299321,0.138506,0.0052169,0.853284,0,0,0,1,
0.00292069,0.137651,0.00510921,0.854319,0,0,0,1,
0.00284968,0.13679,0.00500363,0.855356,0,0,0,1,
0.00278015,0.135925,0.0049001,0.856395,0,0,0,1,
0.0027121,0.135054,0.0047986,0.857435,0,0,0,1,
0.00264548,0.134179,0.0046991,0.858476,0,0,0,1,
0.00258028,0.133299,0.00460155,0.859519,0,0,0,1,
0.00251647,0.132415,0.00450594,0.860563,0,0,0,1,
0.00245403,0.131526,0.00441221,0.861608,0,0,0,1,
0.00239294,0.130633,0.00432035,0.862654,0,0,0,1,
0.00233318,0.129735,0.00423031,0.863701,0,0,0,1,
0.00227472,0.128834,0.00414207,0.864749,0,0,0,1,
0.00221754,0.127929,0.0040556,0.865798,0,0,0,1,
0.00216161,0.12702,0.00397085,0.866847,0,0,0,1,
0.00210692,0.126108,0.00388782,0.867898,0,0,0,1,
0.00205344,0.125192,0.00380645,0.868949,0,0,0,1,
0.00200116,0.124272,0.00372673,0.87,0,0,0,1,
0.00195004,0.12335,0.00364862,0.871052,0,0,0,1,
0.00190007,0.122424,0.00357209,0.872104,0,0,0,1,
0.00185124,0.121495,0.00349712,0.873156,0,0,0,1,
0.0018035,0.120564,0.00342368,0.874209,0,0,0,1,
0.00175686,0.11963,0.00335173,0.875262,0,0,0,1,
0.00171128,0.118693,0.00328126,0.876314,0,0,0,1,
0.00166674,0.117754,0.00321223,0.877367,0,0,0,1,
0.00162323,0.116813,0.00314462,0.87842,0,0,0,1,
0.00158073,0.115869,0.00307839,0.879472,0,0,0,1,
0.00153921,0.114924,0.00301353,0.880524,0,0,0,1,
0.00149866,0.113976,0.00295001,0.881575,0,0,0,1,
0.00145906,0.113027,0.00288781,0.882626,0,0,0,1,
0.00142039,0.112076,0.00282689,0.883676,0,0,0,1,
0.00138263,0.111124,0.00276723,0.884726,0,0,0,1,
0.00134576,0.11017,0.00270882,0.885775,0,0,0,1,
0.00130977,0.109216,0.00265162,0.886823,0,0,0,1,
0.00127463,0.10826,0.00259561,0.88787,0,0,0,1,
0.00124034,0.107303,0.00254077,0.888916,0,0,0,1,
0.00120687,0.106345,0.00248708,0.889961,0,0,0,1,
0.0011742,0.105387,0.00243452,0.891004,0,0,0,1,
0.00114233,0.104428,0.00238306,0.892046,0,0,0,1,
0.00111123,0.103469,0.00233267,0.893087,0,0,0,1,
0.00108088,0.10251,0.00228335,0.894126,0,0,0,1,
0.00105128,0.10155,0.00223507,0.895164,0,0,0,1,
0.0010224,0.10059,0.0021878,0.896199,0,0,0,1,
0.000994234,0.0996309,0.00214154,0.897233,0,0,0,1,
0.000966762,0.0986716,0.00209625,0.898265,0,0,0,1,
0.00093997,0.0977127,0.00205192,0.899295,0,0,0,1,
0.000913844,0.0967543,0.00200853,0.900323,0,0,0,1,
0.000888369,0.0957965,0.00196606,0.901349,0,0,0,1,
0.000863531,0.0948396,0.0019245,0.902372,0,0,0,1,
0.000839316,0.0938835,0.00188382,0.903393,0,0,0,1,
0.000815711,0.0929284,0.001844,0.904412,0,0,0,1,
0.000792703,0.0919745,0.00180504,0.905428,0,0,0,1,
0.000770277,0.0910218,0.0017669,0.906441,0,0,0,1,
0.000748421,0.0900705,0.00172959,0.907451,0,0,0,1,
0.000727123,0.0891208,0.00169307,0.908459,0,0,0,1,
0.00070637,0.0881726,0.00165733,0.909464,0,0,0,1,
0.000686149,0.0872263,0.00162236,0.910465,0,0,0,1,
0.00066645,0.0862818,0.00158813,0.911464,0,0,0,1,
0.000647259,0.0853393,0.00155465,0.912459,0,0,0,1,
0.000628565,0.0843989,0.00152188,0.913451,0,0,0,1,
0.000610358,0.0834608,0.00148982,0.914439,0,0,0,1,
0.000592625,0.082525,0.00145845,0.915424,0,0,0,1,
0.000575356,0.0815917,0.00142776,0.916405,0,0,0,1,
0.00055854,0.080661,0.00139772,0.917383,0,0,0,1,
0.000542168,0.079733,0.00136834,0.918357,0,0,0,1,
0.000526227,0.0788077,0.00133959,0.919326,0,0,0,1,
0.000510709,0.0778854,0.00131146,0.920292,0,0,0,1,
0.000495603,0.0769661,0.00128394,0.921254,0,0,0,1,
0.000480899,0.07605,0.00125702,0.922212,0,0,0,1,
0.000466589,0.0751371,0.00123068,0.923166,0,0,0,1,
0.000452663,0.0742275,0.00120491,0.924115,0,0,0,1,
0.000439112,0.0733214,0.0011797,0.92506,0,0,0,1,
0.000425926,0.0724189,0.00115504,0.926,0,0,0,1,
0.000413097,0.07152,0.00113091,0.926936,0,0,0,1,
0.000400616,0.0706249,0.00110731,0.927867,0,0,0,1,
0.000388476,0.0697336,0.00108422,0.928794,0,0,0,1,
0.000376667,0.0688463,0.00106163,0.929715,0,0,0,1,
0.000365182,0.067963,0.00103953,0.930632,0,0,0,1,
0.000354013,0.0670839,0.00101791,0.931544,0,0,0,1,
0.000343152,0.066209,0.000996768,0.932451,0,0,0,1,
0.000332591,0.0653385,0.000976083,0.933353,0,0,0,1,
0.000322324,0.0644724,0.000955848,0.934249,0,0,0,1,
0.000312342,0.0636108,0.000936054,0.935141,0,0,0,1,
0.000302639,0.0627538,0.000916692,0.936027,0,0,0,1,
0.000293208,0.0619014,0.000897751,0.936908,0,0,0,1,
0.000284042,0.0610539,0.000879224,0.937783,0,0,0,1,
0.000275135,0.0602112,0.0008611,0.938653,0,0,0,1,
0.000266479,0.0593734,0.000843371,0.939517,0,0,0,1,
0.000258069,0.0585406,0.000826029,0.940375,0,0,0,1,
0.000249898,0.057713,0.000809064,0.941228,0,0,0,1,
0.000241961,0.0568904,0.00079247,0.942075,0,0,0,1,
0.00023425,0.0560732,0.000776237,0.942916,0,0,0,1,
0.000226762,0.0552612,0.000760357,0.943752,0,0,0,1,
0.000219489,0.0544546,0.000744824,0.944581,0,0,0,1,
0.000212426,0.0536535,0.000729629,0.945404,0,0,0,1,
0.000205569,0.0528578,0.000714764,0.946222,0,0,0,1,
0.000198911,0.0520678,0.000700224,0.947033,0,0,0,1,
0.000192447,0.0512834,0.000685999,0.947838,0,0,0,1,
0.000186173,0.0505047,0.000672084,0.948637,0,0,0,1,
0.000180083,0.0497318,0.000658471,0.94943,0,0,0,1,
0.000174172,0.0489647,0.000645153,0.950216,0,0,0,1,
0.000168437,0.0482034,0.000632125,0.950996,0,0,0,1,
0.000162872,0.0474481,0.00061938,0.95177,0,0,0,1,
0.000157472,0.0466988,0.00060691,0.952537,0,0,0,1,
0.000152234,0.0459556,0.000594711,0.953297,0,0,0,1,
0.000147152,0.0452184,0.000582775,0.954052,0,0,0,1,
0.000142224,0.0444874,0.000571098,0.954799,0,0,0,1,
0.000137444,0.0437625,0.000559673,0.95554,0,0,0,1,
0.000132809,0.0430439,0.000548494,0.956275,0,0,0,1,
0.000128314,0.0423315,0.000537556,0.957003,0,0,0,1,
0.000123957,0.0416255,0.000526854,0.957724,0,0,0,1,
0.000119733,0.0409258,0.000516381,0.958438,0,0,0,1,
0.000115639,0.0402325,0.000506134,0.959146,0,0,0,1,
0.00011167,0.0395456,0.000496106,0.959847,0,0,0,1,
0.000107824,0.0388651,0.000486293,0.960541,0,0,0,1,
0.000104098,0.0381912,0.000476689,0.961228,0,0,0,1,
0.000100488,0.0375237,0.000467291,0.961908,0,0,0,1,
9.69898e-05,0.0368628,0.000458093,0.962582,0,0,0,1,
9.36016e-05,0.0362085,0.00044909,0.963249,0,0,0,1,
9.032e-05,0.0355608,0.000440279,0.963909,0,0,0,1,
8.7142e-05,0.0349196,0.000431654,0.964562,0,0,0,1,
8.40646e-05,0.0342852,0.000423212,0.965208,0,0,0,1,
8.1085e-05,0.0336573,0.000414948,0.965847,0,0,0,1,
7.82005e-05,0.0330362,0.000406858,0.966479,0,0,0,1,
7.54083e-05,0.0324217,0.000398938,0.967104,0,0,0,1,
7.27058e-05,0.031814,0.000391184,0.967722,0,0,0,1,
7.00905e-05,0.031213,0.000383592,0.968333,0,0,0,1,
6.75599e-05,0.0306187,0.000376159,0.968938,0,0,0,1,
6.51115e-05,0.0300311,0.000368881,0.969535,0,0,0,1,
6.27429e-05,0.0294503,0.000361753,0.970125,0,0,0,1,
6.04518e-05,0.0288762,0.000354774,0.970709,0,0,0,1,
5.8236e-05,0.0283089,0.000347938,0.971285,0,0,0,1,
5.60933e-05,0.0277484,0.000341243,0.971854,0,0,0,1,
5.40215e-05,0.0271946,0.000334686,0.972417,0,0,0,1,
5.20185e-05,0.0266476,0.000328263,0.972972,0,0,0,1,
5.00823e-05,0.0261074,0.000321971,0.973521,0,0,0,1,
4.8211e-05,0.0255739,0.000315807,0.974062,0,0,0,1,
4.64026e-05,0.0250472,0.000309768,0.974597,0,0,0,1,
4.46552e-05,0.0245272,0.000303851,0.975124,0,0,0,1,
4.2967e-05,0.024014,0.000298053,0.975645,0,0,0,1,
4.13361e-05,0.0235075,0.000292371,0.976159,0,0,0,1,
3.9761e-05,0.0230077,0.000286804,0.976666,0,0,0,1,
3.82399e-05,0.0225147,0.000281347,0.977166,0,0,0,1,
3.67711e-05,0.0220283,0.000275998,0.977659,0,0,0,1,
3.5353e-05,0.0215486,0.000270756,0.978145,0,0,0,1,
3.39841e-05,0.0210756,0.000265616,0.978625,0,0,0,1,
3.26629e-05,0.0206093,0.000260578,0.979097,0,0,0,1,
3.13879e-05,0.0201496,0.000255638,0.979563,0,0,0,1,
3.01576e-05,0.0196965,0.000250794,0.980023,0,0,0,1,
2.89708e-05,0.01925,0.000246043,0.980475,0,0,0,1,
2.78259e-05,0.0188101,0.000241385,0.980921,0,0,0,1,
2.67217e-05,0.0183767,0.000236816,0.98136,0,0,0,1,
2.56569e-05,0.0179498,0.000232335,0.981792,0,0,0,1,
2.46303e-05,0.0175295,0.000227938,0.982218,0,0,0,1,
2.36406e-05,0.0171156,0.000223625,0.982637,0,0,0,1,
2.26867e-05,0.0167081,0.000219394,0.98305,0,0,0,1,
2.17674e-05,0.0163071,0.000215242,0.983456,0,0,0,1,
2.08816e-05,0.0159124,0.000211167,0.983856,0,0,0,1,
2.00282e-05,0.0155241,0.000207169,0.984249,0,0,0,1,
1.92062e-05,0.0151421,0.000203244,0.984635,0,0,0,1,
1.84145e-05,0.0147664,0.000199391,0.985016,0,0,0,1,
1.76521e-05,0.014397,0.00019561,0.98539,0,0,0,1,
1.69181e-05,0.0140337,0.000191897,0.985757,0,0,0,1,
1.62116e-05,0.0136767,0.000188251,0.986119,0,0,0,1,
1.55316e-05,0.0133257,0.000184671,0.986474,0,0,0,1,
1.48772e-05,0.0129809,0.000181155,0.986823,0,0,0,1,
1.42476e-05,0.0126421,0.000177703,0.987166,0,0,0,1,
1.3642e-05,0.0123094,0.000174311,0.987503,0,0,0,1,
1.30595e-05,0.0119826,0.000170979,0.987833,0,0,0,1,
1.24994e-05,0.0116618,0.000167706,0.988158,0,0,0,1,
1.19608e-05,0.0113468,0.00016449,0.988477,0,0,0,1,
1.14432e-05,0.0110377,0.00016133,0.98879,0,0,0,1,
1.09456e-05,0.0107344,0.000158225,0.989096,0,0,0,1,
1.04675e-05,0.0104368,0.000155172,0.989398,0,0,0,1,
1.00081e-05,0.010145,0.000152172,0.989693,0,0,0,1,
9.5669e-06,0.00985875,0.000149224,0.989982,0,0,0,1,
9.14314e-06,0.00957816,0.000146324,0.990266,0,0,0,1,
8.73623e-06,0.00930313,0.000143474,0.990545,0,0,0,1,
8.34559e-06,0.0090336,0.000140671,0.990817,0,0,0,1,
7.97064e-06,0.00876953,0.000137915,0.991085,0,0,0,1,
7.61081e-06,0.00851087,0.000135205,0.991346,0,0,0,1,
7.26557e-06,0.00825756,0.000132539,0.991603,0,0,0,1,
6.93438e-06,0.00800956,0.000129917,0.991854,0,0,0,1,
6.61674e-06,0.0077668,0.000127337,0.992099,0,0,0,1,
6.31216e-06,0.00752923,0.000124799,0.99234,0,0,0,1,
6.02016e-06,0.00729681,0.000122302,0.992575,0,0,0,1,
5.74027e-06,0.00706946,0.000119845,0.992805,0,0,0,1,
5.47206e-06,0.00684715,0.000117427,0.99303,0,0,0,1,
5.21508e-06,0.0066298,0.000115048,0.99325,0,0,0,1,
4.96892e-06,0.00641737,0.000112706,0.993465,0,0,0,1,
4.73317e-06,0.0062098,0.000110401,0.993675,0,0,0,1,
4.50745e-06,0.00600702,0.000108131,0.99388,0,0,0,1,
4.29137e-06,0.00580899,0.000105898,0.994081,0,0,0,1,
4.08456e-06,0.00561564,0.000103698,0.994277,0,0,0,1,
3.88668e-06,0.00542691,0.000101533,0.994468,0,0,0,1,
3.69738e-06,0.00524275,9.94008e-05,0.994654,0,0,0,1,
3.51632e-06,0.00506309,9.73013e-05,0.994836,0,0,0,1,
3.3432e-06,0.00488788,9.52337e-05,0.995014,0,0,0,1,
3.1777e-06,0.00471705,9.31975e-05,0.995187,0,0,0,1,
3.01952e-06,0.00455055,9.11921e-05,0.995355,0,0,0,1,
2.86838e-06,0.0043883,8.92169e-05,0.99552,0,0,0,1,
2.724e-06,0.00423026,8.72714e-05,0.99568,0,0,0,1,
2.5861e-06,0.00407636,8.53549e-05,0.995836,0,0,0,1,
2.45444e-06,0.00392654,8.34671e-05,0.995988,0,0,0,1,
2.32875e-06,0.00378074,8.16074e-05,0.996135,0,0,0,1,
2.2088e-06,0.00363889,7.97753e-05,0.996279,0,0,0,1,
2.09436e-06,0.00350093,7.79704e-05,0.996419,0,0,0,1,
1.98521e-06,0.00336681,7.61922e-05,0.996555,0,0,0,1,
1.88111e-06,0.00323646,7.44402e-05,0.996687,0,0,0,1,
1.78188e-06,0.00310981,7.27141e-05,0.996816,0,0,0,1,
1.6873e-06,0.00298681,7.10135e-05,0.99694,0,0,0,1,
1.59719e-06,0.0028674,6.93379e-05,0.997062,0,0,0,1,
1.51135e-06,0.00275151,6.7687e-05,0.997179,0,0,0,1,
1.4296e-06,0.00263907,6.60604e-05,0.997293,0,0,0,1,
1.35179e-06,0.00253004,6.44578e-05,0.997404,0,0,0,1,
1.27772e-06,0.00242433,6.28788e-05,0.997512,0,0,0,1,
1.20726e-06,0.00232191,6.13232e-05,0.997616,0,0,0,1,
1.14023e-06,0.00222269,5.97906e-05,0.997716,0,0,0,1,
1.0765e-06,0.00212663,5.82807e-05,0.997814,0,0,0,1,
1.01592e-06,0.00203365,5.67932e-05,0.997909,0,0,0,1,
9.58356e-07,0.00194371,5.53279e-05,0.998,0,0,0,1,
9.03671e-07,0.00185673,5.38846e-05,0.998088,0,0,0,1,
8.51738e-07,0.00177265,5.24629e-05,0.998174,0,0,0,1,
8.02438e-07,0.00169142,5.10626e-05,0.998257,0,0,0,1,
7.55652e-07,0.00161298,4.96836e-05,0.998337,0,0,0,1,
7.11267e-07,0.00153726,4.83256e-05,0.998414,0,0,0,1,
6.69175e-07,0.00146421,4.69884e-05,0.998488,0,0,0,1,
6.29272e-07,0.00139377,4.56718e-05,0.99856,0,0,0,1,
5.91459e-07,0.00132587,4.43757e-05,0.998629,0,0,0,1,
5.55638e-07,0.00126046,4.30998e-05,0.998696,0,0,0,1,
5.21718e-07,0.00119748,4.18441e-05,0.99876,0,0,0,1,
4.89611e-07,0.00113688,4.06084e-05,0.998822,0,0,0,1,
4.59232e-07,0.00107859,3.93925e-05,0.998882,0,0,0,1,
4.305e-07,0.00102255,3.81963e-05,0.998939,0,0,0,1,
4.03337e-07,0.000968722,3.70197e-05,0.998994,0,0,0,1,
3.77668e-07,0.000917037,3.58626e-05,0.999047,0,0,0,1,
3.53421e-07,0.000867441,3.47249e-05,0.999097,0,0,0,1,
3.30528e-07,0.00081988,3.36065e-05,0.999146,0,0,0,1,
3.08923e-07,0.000774299,3.25074e-05,0.999193,0,0,0,1,
2.88544e-07,0.000730644,3.14273e-05,0.999238,0,0,0,1,
2.6933e-07,0.000688862,3.03664e-05,0.999281,0,0,0,1,
2.51223e-07,0.000648898,2.93244e-05,0.999322,0,0,0,1,
2.34168e-07,0.000610702,2.83014e-05,0.999361,0,0,0,1,
2.18112e-07,0.00057422,2.72973e-05,0.999398,0,0,0,1,
2.03006e-07,0.000539403,2.63121e-05,0.999434,0,0,0,1,
1.888e-07,0.000506199,2.53457e-05,0.999468,0,0,0,1,
1.75449e-07,0.000474558,2.43982e-05,0.999501,0,0,0,1,
1.62908e-07,0.000444431,2.34694e-05,0.999532,0,0,0,1,
1.51135e-07,0.000415769,2.25593e-05,0.999562,0,0,0,1,
1.4009e-07,0.000388525,2.1668e-05,0.99959,0,0,0,1,
1.29735e-07,0.00036265,2.07955e-05,0.999616,0,0,0,1,
1.20033e-07,0.0003381,1.99416e-05,0.999642,0,0,0,1,
1.10948e-07,0.000314826,1.91064e-05,0.999666,0,0,0,1,
1.02448e-07,0.000292785,1.829e-05,0.999689,0,0,0,1,
9.45006e-08,0.000271932,1.74922e-05,0.99971,0,0,0,1,
8.70754e-08,0.000252223,1.67132e-05,0.999731,0,0,0,1,
8.01434e-08,0.000233615,1.59528e-05,0.99975,0,0,0,1,
7.36772e-08,0.000216067,1.52111e-05,0.999769,0,0,0,1,
6.76504e-08,0.000199536,1.44881e-05,0.999786,0,0,0,1,
6.2038e-08,0.000183982,1.37837e-05,0.999802,0,0,0,1,
5.68162e-08,0.000169365,1.3098e-05,0.999817,0,0,0,1,
5.19627e-08,0.000155649,1.2431e-05,0.999832,0,0,0,1,
4.74545e-08,0.000142786,1.17824e-05,0.999845,0,0,0,1,
4.32761e-08,0.000130768,1.11534e-05,0.999858,0,0,0,1,
3.93904e-08,0.000119455,1.05393e-05,0.99987,0,0,0,1,
3.58442e-08,0.000109199,9.95797e-06,0.999881,0,0,0,1,
3.23686e-08,9.8467e-05,9.33792e-06,0.999892,0,0,0,1,
2.99744e-08,9.33632e-05,8.98144e-06,0.999898,0,0,0,1,
2.47819e-08,7.05605e-05,7.68768e-06,0.999922,0,0,0,1,
2.87303e-08,9.81253e-05,9.06339e-06,0.999893,0,0,0,1,
2.36804e-08,6.89043e-05,7.53172e-06,0.999924,0,0,0,1,
2.71536e-08,9.53097e-05,8.83496e-06,0.999896,0,0,0,1,
2.29714e-08,6.98898e-05,7.515e-06,0.999923,0,0,0,1,
2.22408e-08,7.24594e-05,7.55583e-06,0.99992,0,0,0,1,
1.71261e-08,4.59189e-05,5.9288e-06,0.999948,0,0,0,1,
1.95579e-08,6.04692e-05,6.81765e-06,0.999933,0,0,0,1,
1.7137e-08,5.18764e-05,6.20817e-06,0.999942,0,0,0,1,
1.75798e-08,6.01034e-05,6.60275e-06,0.999933,0,0,0,1,
1.42239e-08,4.07256e-05,5.38367e-06,0.999954,0,0,0,1,
1.68823e-08,5.92621e-05,6.49039e-06,0.999934,0,0,0,1,
1.40932e-08,4.23385e-05,5.44527e-06,0.999952,0,0,0,1,
1.52569e-08,5.41523e-05,6.09395e-06,0.99994,0,0,0,1,
1.28612e-08,3.93319e-05,5.15809e-06,0.999955,0,0,0,1,
1.22452e-08,3.99194e-05,5.10652e-06,0.999955,0,0,0,1,
9.10756e-09,2.36467e-05,3.86364e-06,0.999972,0,0,0,1,
1.03405e-08,3.06067e-05,4.40606e-06,0.999965,0,0,0,1,
1.2045e-08,4.45115e-05,5.27343e-06,0.99995,0,0,0,1,
1.04784e-08,3.41739e-05,4.5971e-06,0.999961,0,0,0,1,
7.74518e-09,1.9952e-05,3.45218e-06,0.999977,0,0,0,1,
8.78993e-09,2.57804e-05,3.9337e-06,0.99997,0,0,0,1,
1.05277e-08,3.92501e-05,4.82476e-06,0.999956,0,0,0,1,
9.20881e-09,3.04269e-05,4.22754e-06,0.999965,0,0,0,1,
6.94674e-09,1.82376e-05,3.22474e-06,0.999979,0,0,0,1,
8.00388e-09,2.43308e-05,3.73346e-06,0.999972,0,0,0,1,
7.61552e-09,2.49183e-05,3.69625e-06,0.999971,0,0,0,1,
5.61946e-09,1.43757e-05,2.7606e-06,0.999983,0,0,0,1,
6.40873e-09,1.87423e-05,3.16002e-06,0.999978,0,0,0,1,
7.79404e-09,2.95713e-05,3.93812e-06,0.999966,0,0,0,1,
6.887e-09,2.33401e-05,3.48359e-06,0.999973,0,0,0,1,
5.45013e-09,1.51003e-05,2.77177e-06,0.999982,0,0,0,1,
6.65755e-09,2.29379e-05,3.41863e-06,0.999974,0,0,0,1,
5.40773e-09,1.55319e-05,2.78772e-06,0.999982,0,0,0,1,
6.76815e-09,2.54487e-05,3.55333e-06,0.999971,0,0,0,1,
5.95287e-09,1.99095e-05,3.12866e-06,0.999977,0,0,0,1,
4.61125e-09,1.2398e-05,2.4385e-06,0.999985,0,0,0,1,
5.51807e-09,1.79158e-05,2.93691e-06,0.999979,0,0,0,1,
4.00772e-09,1.00126e-05,2.15636e-06,0.999988,0,0,0,1,
4.55593e-09,1.29482e-05,2.45868e-06,0.999985,0,0,0,1,
5.76415e-09,2.15318e-05,3.16054e-06,0.999975,0,0,0,1,
5.0541e-09,1.67437e-05,2.77399e-06,0.99998,0,0,0,1,
3.8558e-09,1.01409e-05,2.12979e-06,0.999988,0,0,0,1,
4.5618e-09,1.42711e-05,2.53241e-06,0.999983,0,0,0,1,
3.07227e-09,7.18677e-06,1.74432e-06,0.999991,0,0,0,1,
3.4086e-09,8.83183e-06,1.9388e-06,0.999989,0,0,0,1,
4.00351e-09,1.22268e-05,2.28692e-06,0.999985,0,0,0,1,
2.83795e-09,7.10131e-06,1.67817e-06,0.999991,0,0,0,1,
3.26897e-09,9.42758e-06,1.93887e-06,0.999989,0,0,0,1,
4.14267e-09,1.63382e-05,2.51906e-06,0.999981,0,0,0,1,
3.73012e-09,1.33455e-05,2.26887e-06,0.999984,0,0,0,1,
3.1822e-09,9.85633e-06,1.93785e-06,0.999988,0,0,0,1,
2.06272e-09,4.61256e-06,1.28169e-06,0.999994,0,0,0,1,
2.27061e-09,5.5743e-06,1.41276e-06,0.999993,0,0,0,1,
2.60389e-09,7.32657e-06,1.62423e-06,0.999991,0,0,0,1,
3.43779e-09,1.33518e-05,2.17936e-06,0.999984,0,0,0,1,
3.07839e-09,1.07914e-05,1.95204e-06,0.999987,0,0,0,1,
2.58392e-09,7.73162e-06,1.64057e-06,0.999991,0,0,0,1,
1.87596e-09,4.82665e-06,1.2358e-06,0.999994,0,0,0,1,
2.25888e-09,7.0196e-06,1.49407e-06,0.999991,0,0,0,1,
1.46825e-09,3.22569e-06,9.82953e-07,0.999996,0,0,0,1,
1.61736e-09,3.90167e-06,1.08402e-06,0.999995,0,0,0,1,
1.85576e-09,5.12844e-06,1.24642e-06,0.999994,0,0,0,1,
2.49376e-09,9.57611e-06,1.6955e-06,0.999989,0,0,0,1,
2.22394e-09,7.67818e-06,1.5123e-06,0.999991,0,0,0,1,
1.84513e-09,5.38026e-06,1.25606e-06,0.999993,0,0,0,1,
1.77686e-09,5.92047e-06,1.25641e-06,0.999993,0,0,0,1,
1.40987e-09,3.82043e-06,9.98315e-07,0.999995,0,0,0,1,
1.8858e-09,6.98215e-06,1.34675e-06,0.999992,0,0,0,1,
1.65326e-09,5.41971e-06,1.18088e-06,0.999993,0,0,0,1,
1.27583e-09,3.32437e-06,9.13099e-07,0.999996,0,0,0,1,
1.60235e-09,5.27364e-06,1.15205e-06,0.999994,0,0,0,1,
1.2471e-09,3.28441e-06,8.98163e-07,0.999996,0,0,0,1,
1.59757e-09,5.43635e-06,1.15674e-06,0.999993,0,0,0,1,
1.30836e-09,3.71629e-06,9.48093e-07,0.999995,0,0,0,1,
1.71876e-09,7.21158e-06,1.27859e-06,0.999992,0,0,0,1,
1.5748e-09,6.08483e-06,1.17132e-06,0.999993,0,0,0,1,
1.40767e-09,4.89849e-06,1.04694e-06,0.999994,0,0,0,1,
1.18158e-09,3.50404e-06,8.7909e-07,0.999996,0,0,0,1,
6.71405e-10,1.3495e-06,5.10931e-07,0.999998,0,0,0,1,
7.29842e-10,1.58787e-06,5.55763e-07,0.999998,0,0,0,1,
8.11205e-10,1.95353e-06,6.18297e-07,0.999997,0,0,0,1,
9.51151e-10,2.67866e-06,7.26281e-07,0.999997,0,0,0,1,
1.33324e-09,5.88443e-06,1.04051e-06,0.999993,0,0,0,1,
1.23264e-09,5.05084e-06,9.61777e-07,0.999994,0,0,0,1,
1.12122e-09,4.20245e-06,8.74632e-07,0.999995,0,0,0,1,
9.87943e-10,3.29168e-06,7.70521e-07,0.999996,0,0,0,1,
7.87452e-10,2.1379e-06,6.1435e-07,0.999997,0,0,0,1,
1.12908e-09,4.52854e-06,8.88106e-07,0.999995,0,0,0,1,
1.02042e-09,3.72181e-06,8.02467e-07,0.999995,0,0,0,1,
8.85806e-10,2.83407e-06,6.96522e-07,0.999996,0,0,0,1,
6.50628e-10,1.58527e-06,5.12223e-07,0.999998,0,0,0,1,
7.75717e-10,2.24761e-06,6.11805e-07,0.999997,0,0,0,1,
5.38388e-10,1.37778e-06,4.36537e-07,0.999998,0,0,0,1,
6.86569e-10,2.24324e-06,5.58139e-07,0.999997,0,0,0,1,
5.25675e-10,1.35184e-06,4.27377e-07,0.999998,0,0,0,1,
6.76612e-10,2.2438e-06,5.51535e-07,0.999997,0,0,0,1,
5.31758e-10,1.4186e-06,4.33418e-07,0.999998,0,0,0,1,
7.45124e-10,2.82502e-06,6.10017e-07,0.999997,0,0,0,1,
6.57228e-10,2.21642e-06,5.37879e-07,0.999997,0,0,0,1,
5.28871e-10,1.46379e-06,4.32732e-07,0.999998,0,0,0,1,
8.28639e-10,3.82535e-06,6.844e-07,0.999995,0,0,0,1,
7.6913e-10,3.30778e-06,6.35069e-07,0.999996,0,0,0,1,
7.04748e-10,2.7904e-06,5.81727e-07,0.999997,0,0,0,1,
6.3143e-10,2.25527e-06,5.21024e-07,0.999997,0,0,0,1,
5.36892e-10,1.65083e-06,4.42844e-07,0.999998,0,0,0,1,
3.278e-10,6.6383e-07,2.70733e-07,0.999999,0,0,0,1,
3.58956e-10,7.92027e-07,2.96612e-07,0.999999,0,0,0,1,
4.04284e-10,9.99579e-07,3.34302e-07,0.999999,0,0,0,1,
4.93168e-10,1.4828e-06,4.08399e-07,0.999998,0,0,0,1,
2.54579e-10,4.52e-07,2.11573e-07,0.999999,0,0,0,1,
2.7212e-10,5.13961e-07,2.2622e-07,0.999999,0,0,0,1,
2.93704e-10,5.95766e-07,2.44252e-07,0.999999,0,0,0,1,
3.21863e-10,7.11817e-07,2.67793e-07,0.999999,0,0,0,1,
3.62982e-10,9.00582e-07,3.02203e-07,0.999999,0,0,0,1,
4.44581e-10,1.34655e-06,3.70637e-07,0.999998,0,0,0,1,
2.361e-10,4.27392e-07,1.97137e-07,0.999999,0,0,0,1,
2.5311e-10,4.88791e-07,2.11405e-07,0.999999,0,0,0,1,
2.74375e-10,5.71457e-07,2.29252e-07,0.999999,0,0,0,1,
3.02901e-10,6.92793e-07,2.53209e-07,0.999999,0,0,0,1,
3.47243e-10,9.05686e-07,2.90489e-07,0.999999,0,0,0,1,
4.60408e-10,1.59515e-06,3.85925e-07,0.999998,0,0,0,1,
3.77173e-10,1.08844e-06,3.15961e-07,0.999999,0,0,0,1,
3.92283e-10,1.53268e-06,3.32301e-07,0.999998,0,0,0,1,
3.45557e-10,1.19901e-06,2.92555e-07,0.999999,0,0,0,1,
2.78611e-10,7.93805e-07,2.35656e-07,0.999999,0,0,0,1,
4.84983e-10,2.66702e-06,4.10999e-07,0.999997,0,0,0,1,
4.56525e-10,2.36903e-06,3.86766e-07,0.999997,0,0,0,1,
4.27192e-10,2.08036e-06,3.61795e-07,0.999998,0,0,0,1,
3.96509e-10,1.7985e-06,3.35684e-07,0.999998,0,0,0,1,
3.63639e-10,1.51939e-06,3.07724e-07,0.999998,0,0,0,1,
3.26856e-10,1.23512e-06,2.76449e-07,0.999998,0,0,0,1,
2.81401e-10,9.24975e-07,2.3782e-07,0.999999,0,0,0,1,
2.00002e-10,4.84832e-07,1.6869e-07,0.999999,0,0,0,1,
2.36435e-10,6.738e-07,1.99532e-07,0.999999,0,0,0,1,
4.13368e-10,2.20315e-06,3.48926e-07,0.999997,0,0,0,1,
3.87354e-10,1.93989e-06,3.2686e-07,0.999998,0,0,0,1,
3.60274e-10,1.68368e-06,3.03898e-07,0.999998,0,0,0,1,
3.31496e-10,1.43132e-06,2.79504e-07,0.999998,0,0,0,1,
2.99773e-10,1.17699e-06,2.52625e-07,0.999999,0,0,0,1,
2.61987e-10,9.06824e-07,2.20624e-07,0.999999,0,0,0,1,
2.04704e-10,5.65861e-07,1.72132e-07,0.999999,0,0,0,1,
3.0317e-10,1.25445e-06,2.55011e-07,0.999998,0,0,0,1,
2.70275e-10,1.00378e-06,2.2721e-07,0.999999,0,0,0,1,
2.27712e-10,7.21469e-07,1.91256e-07,0.999999,0,0,0,1,
1.25925e-10,2.4164e-07,1.05271e-07,1,0,0,0,1,
1.35983e-10,2.80276e-07,1.13704e-07,1,0,0,0,1,
1.49028e-10,3.34748e-07,1.24644e-07,1,0,0,0,1,
1.67795e-10,4.21852e-07,1.40385e-07,0.999999,0,0,0,1,
2.03011e-10,6.14136e-07,1.69919e-07,0.999999,0,0,0,1,
1.05993e-10,2.41696e-07,8.68637e-08,1,0,0,0,1,
1.18877e-10,3.02213e-07,9.74505e-08,1,0,0,0,1,
1.41763e-10,4.27217e-07,1.16248e-07,0.999999,0,0,0,1,
2.7789e-10,1.84068e-06,2.25655e-07,0.999998,0,0,0,1,
2.63307e-10,1.65563e-06,2.1373e-07,0.999998,0,0,0,1,
2.48545e-10,1.4783e-06,2.01662e-07,0.999998,0,0,0,1,
2.33497e-10,1.30785e-06,1.89364e-07,0.999999,0,0,0,1,
2.18005e-10,1.14328e-06,1.76706e-07,0.999999,0,0,0,1,
2.01814e-10,9.83126e-07,1.63482e-07,0.999999,0,0,0,1,
1.84476e-10,8.25056e-07,1.49325e-07,0.999999,0,0,0,1,
1.6505e-10,6.64484e-07,1.33466e-07,0.999999,0,0,0,1,
1.40861e-10,4.89072e-07,1.13718e-07,0.999999,0,0,0,1,
9.47448e-11,2.30967e-07,7.59693e-08,1,0,0,0,1,
1.08681e-10,3.02033e-07,8.7178e-08,1,0,0,0,1,
1.41989e-10,5.13644e-07,1.13937e-07,0.999999,0,0,0,1,
1.0623e-10,2.95153e-07,8.50256e-08,1,0,0,0,1,
1.38115e-10,4.96938e-07,1.105e-07,0.999999,0,0,0,1,
1.01412e-10,2.75756e-07,8.09006e-08,1,0,0,0,1,
1.26968e-10,4.29951e-07,1.01268e-07,0.999999,0,0,0,1,
6.98815e-11,1.4167e-07,5.52477e-08,1,0,0,0,1,
7.55748e-11,1.64797e-07,5.97569e-08,1,0,0,0,1,
8.29831e-11,1.97553e-07,6.5624e-08,1,0,0,0,1,
9.36885e-11,2.50274e-07,7.40994e-08,1,0,0,0,1,
1.13978e-10,3.682e-07,9.01387e-08,1,0,0,0,1,
4.97417e-11,1.08281e-07,3.70113e-08,1,0,0,0,1,
5.39891e-11,1.26878e-07,4.01744e-08,1,0,0,0,1,
5.96322e-11,1.53908e-07,4.43754e-08,1,0,0,0,1,
6.81514e-11,1.998e-07,5.07118e-08,1,0,0,0,1,
8.69918e-11,3.23943e-07,6.46715e-08,1,0,0,0,1,
5.61559e-11,1.41565e-07,4.14703e-08,1,0,0,0,1,
6.33905e-11,1.79313e-07,4.68127e-08,1,0,0,0,1,
7.69327e-11,2.62533e-07,5.67905e-08,1,0,0,0,1,
7.45607e-11,3.93447e-07,4.96527e-08,1,0,0,0,1,
6.61343e-11,3.11406e-07,4.39987e-08,1,0,0,0,1,
5.5346e-11,2.20497e-07,3.67563e-08,1,0,0,0,1,
2.96541e-11,6.85297e-08,1.93936e-08,1,0,0,0,1,
3.20255e-11,7.95287e-08,2.0946e-08,1,0,0,0,1,
3.50653e-11,9.48409e-08,2.29354e-08,1,0,0,0,1,
3.93181e-11,1.18571e-07,2.5717e-08,1,0,0,0,1,
4.65983e-11,1.65563e-07,3.04703e-08,1,0,0,0,1,
8.09931e-11,5.10666e-07,5.24826e-08,0.999999,0,0,0,1,
7.44868e-11,4.33365e-07,4.82362e-08,1,0,0,0,1,
6.74532e-11,3.56949e-07,4.36465e-08,1,0,0,0,1,
5.93913e-11,2.78518e-07,3.83858e-08,1,0,0,0,1,
4.85772e-11,1.88753e-07,3.13231e-08,1,0,0,0,1,
1.28133e-11,1.95851e-08,7.41085e-09,1,0,0,0,1,
1.3289e-11,2.09811e-08,7.68739e-09,1,0,0,0,1,
1.38015e-11,2.25391e-08,7.98544e-09,1,0,0,0,1,
1.43561e-11,2.4288e-08,8.30808e-09,1,0,0,0,1,
1.49593e-11,2.62642e-08,8.65908e-09,1,0,0,0,1,
1.5619e-11,2.85143e-08,9.04314e-09,1,0,0,0,1,
1.63455e-11,3.10992e-08,9.4662e-09,1,0,0,0,1,
1.71518e-11,3.41001e-08,9.936e-09,1,0,0,0,1,
1.80554e-11,3.76283e-08,1.04628e-08,1,0,0,0,1,
1.90806e-11,4.18421e-08,1.10608e-08,1,0,0,0,1,
2.02616e-11,4.69757e-08,1.17501e-08,1,0,0,0,1,
2.16507e-11,5.33966e-08,1.25614e-08,1,0,0,0,1,
2.33325e-11,6.17264e-08,1.35445e-08,1,0,0,0,1,
2.54605e-11,7.31425e-08,1.47897e-08,1,0,0,0,1,
2.8364e-11,9.03098e-08,1.64908e-08,1,0,0,0,1,
3.30161e-11,1.217e-07,1.92213e-08,1,0,0,0,1,
4.65351e-11,2.41719e-07,2.71843e-08,1,0,0,0,1,
3.87516e-11,1.69413e-07,2.25789e-08,1,0,0,0,1,
1.90314e-11,4.48532e-08,1.07841e-08,1,0,0,0,1,
2.03372e-11,5.09911e-08,1.15273e-08,1,0,0,0,1,
2.19177e-11,5.89522e-08,1.24273e-08,1,0,0,0,1,
2.39165e-11,6.98573e-08,1.3566e-08,1,0,0,0,1,
2.66409e-11,8.6237e-08,1.51188e-08,1,0,0,0,1,
3.09932e-11,1.16087e-07,1.76004e-08,1,0,0,0,1,
4.34273e-11,2.27744e-07,2.46792e-08,1,0,0,0,1,
3.58591e-11,1.57036e-07,2.03288e-08,1,0,0,0,1,
1.36618e-11,2.67671e-08,7.39905e-09,1,0,0,0,1,
1.43232e-11,2.93029e-08,7.7586e-09,1,0,0,0,1,
1.50619e-11,3.22707e-08,8.16024e-09,1,0,0,0,1,
1.58959e-11,3.57948e-08,8.61389e-09,1,0,0,0,1,
1.68511e-11,4.00562e-08,9.13358e-09,1,0,0,0,1,
1.79653e-11,4.5332e-08,9.74e-09,1,0,0,0,1,
1.92984e-11,5.20769e-08,1.04658e-08,1,0,0,0,1,
2.0954e-11,6.11114e-08,1.13676e-08,1,0,0,0,1,
2.31383e-11,7.41533e-08,1.25578e-08,1,0,0,0,1,
2.63762e-11,9.5859e-08,1.43226e-08,1,0,0,0,1,
3.30012e-11,1.49361e-07,1.79321e-08,1,0,0,0,1,
1.34151e-11,2.83657e-08,7.13914e-09,1,0,0,0,1,
1.41175e-11,3.12869e-08,7.51089e-09,1,0,0,0,1,
1.49129e-11,3.47681e-08,7.93151e-09,1,0,0,0,1,
1.58269e-11,3.89965e-08,8.41445e-09,1,0,0,0,1,
1.68981e-11,4.42628e-08,8.97983e-09,1,0,0,0,1,
1.81882e-11,5.10515e-08,9.65979e-09,1,0,0,0,1,
1.98066e-11,6.02596e-08,1.05111e-08,1,0,0,0,1,
2.19795e-11,7.38415e-08,1.1651e-08,1,0,0,0,1,
2.53273e-11,9.75327e-08,1.33979e-08,1,0,0,0,1,
3.33039e-11,1.68014e-07,1.74887e-08,1,0,0,0,1,
2.37545e-11,8.77273e-08,1.23942e-08,1,0,0,0,1,
2.92517e-11,1.32383e-07,1.5247e-08,1,0,0,0,1,
7.01901e-12,1.25814e-08,3.12654e-09,1,0,0,0,1,
7.27232e-12,1.34587e-08,3.2393e-09,1,0,0,0,1,
7.54446e-12,1.44343e-08,3.36044e-09,1,0,0,0,1,
7.83797e-12,1.55247e-08,3.49107e-09,1,0,0,0,1,
8.15593e-12,1.67509e-08,3.63258e-09,1,0,0,0,1,
8.50214e-12,1.8139e-08,3.78663e-09,1,0,0,0,1,
8.88135e-12,1.97231e-08,3.95535e-09,1,0,0,0,1,
9.29959e-12,2.15472e-08,4.14139e-09,1,0,0,0,1,
9.76471e-12,2.36709e-08,4.34825e-09,1,0,0,0,1,
1.02872e-11,2.61761e-08,4.58057e-09,1,0,0,0,1,
1.08816e-11,2.918e-08,4.84477e-09,1,0,0,0,1,
1.15689e-11,3.28577e-08,5.15013e-09,1,0,0,0,1,
1.2381e-11,3.74868e-08,5.51077e-09,1,0,0,0,1,
1.33707e-11,4.35447e-08,5.94999e-09,1,0,0,0,1,
1.46357e-11,5.19561e-08,6.51078e-09,1,0,0,0,1,
1.63934e-11,6.48972e-08,7.28858e-09,1,0,0,0,1,
1.93375e-11,8.98912e-08,8.58612e-09,1,0,0,0,1,
3.07468e-11,2.29264e-07,1.34815e-08,1,0,0,0,1,
2.74387e-11,1.83404e-07,1.2023e-08,1,0,0,0,1,
2.34194e-11,1.34611e-07,1.02503e-08,1,0,0,0,1,
1.6475e-11,6.83663e-08,7.17801e-09,1,0,0,0,1,
1.99916e-11,1.00238e-07,8.69921e-09,1,0,0,0,1,
5.85679e-11,1.09344e-06,2.26973e-08,0.999999,0,0,0,1,
5.63084e-11,1.01136e-06,2.18183e-08,0.999999,0,0,0,1,
5.40766e-11,9.33426e-07,2.09502e-08,0.999999,0,0,0,1,
5.18702e-11,8.59442e-07,2.00922e-08,0.999999,0,0,0,1,
4.96867e-11,7.89227e-07,1.92433e-08,0.999999,0,0,0,1,
4.75233e-11,7.22603e-07,1.84024e-08,0.999999,0,0,0,1,
4.53768e-11,6.59395e-07,1.75682e-08,0.999999,0,0,0,1,
4.32433e-11,5.99429e-07,1.67393e-08,0.999999,0,0,0,1,
4.11182e-11,5.42535e-07,1.59138e-08,0.999999,0,0,0,1,
3.89957e-11,4.88537e-07,1.50894e-08,0.999999,0,0,0,1,
3.68685e-11,4.37256e-07,1.42635e-08,1,0,0,0,1,
3.47271e-11,3.88499e-07,1.34322e-08,1,0,0,0,1,
3.25583e-11,3.42053e-07,1.25904e-08,1,0,0,0,1,
3.03431e-11,2.97661e-07,1.17309e-08,1,0,0,0,1,
2.80519e-11,2.54992e-07,1.0842e-08,1,0,0,0,1,
2.56343e-11,2.1355e-07,9.90427e-09,1,0,0,0,1,
2.29913e-11,1.72455e-07,8.8792e-09,1,0,0,0,1,
1.98728e-11,1.29641e-07,7.66955e-09,1,0,0,0,1,
1.51731e-11,7.67959e-08,5.84382e-09,1,0,0,0,1,
2.30831e-11,1.78645e-07,8.83921e-09,1,0,0,0,1,
2.01501e-11,1.36878e-07,7.70549e-09,1,0,0,0,1,
1.60738e-11,8.81529e-08,6.1271e-09,1,0,0,0,1,
4.82655e-11,9.72988e-07,1.65615e-08,0.999999,0,0,0,1,
4.63807e-11,8.99058e-07,1.59123e-08,0.999999,0,0,0,1,
4.45189e-11,8.28886e-07,1.5271e-08,0.999999,0,0,0,1,
4.26779e-11,7.623e-07,1.46372e-08,0.999999,0,0,0,1,
4.08558e-11,6.99131e-07,1.40099e-08,0.999999,0,0,0,1,
3.90499e-11,6.39217e-07,1.33883e-08,0.999999,0,0,0,1,
3.72575e-11,5.82396e-07,1.27715e-08,0.999999,0,0,0,1,
3.54751e-11,5.28509e-07,1.21583e-08,0.999999,0,0,0,1,
3.36985e-11,4.77397e-07,1.15472e-08,1,0,0,0,1,
3.19226e-11,4.28898e-07,1.09365e-08,1,0,0,0,1,
3.01408e-11,3.82843e-07,1.03239e-08,1,0,0,0,1,
2.83443e-11,3.39051e-07,9.70639e-09,1,0,0,0,1,
2.65205e-11,2.97313e-07,9.07966e-09,1,0,0,0,1,
2.46514e-11,2.57378e-07,8.43745e-09,1,0,0,0,1,
2.27076e-11,2.18904e-07,7.76973e-09,1,0,0,0,1,
2.06373e-11,1.81353e-07,7.05868e-09,1,0,0,0,1,
1.83312e-11,1.43694e-07,6.26663e-09,1,0,0,0,1,
1.54735e-11,1.03146e-07,5.28478e-09,1,0,0,0,1,
9.89818e-12,4.36951e-08,3.36115e-09,1,0,0,0,1,
1.1242e-11,5.61532e-08,3.81445e-09,1,0,0,0,1,
1.38291e-11,8.46958e-08,4.68153e-09,1,0,0,0,1,
4.71875e-12,1.95532e-08,1.07937e-09,1,0,0,0,1,
5.03499e-12,2.22064e-08,1.15522e-09,1,0,0,0,1,
5.41393e-12,2.56101e-08,1.24674e-09,1,0,0,0,1,
5.88529e-12,3.01867e-08,1.36158e-09,1,0,0,0,1,
6.50817e-12,3.68209e-08,1.51517e-09,1,0,0,0,1,
7.43226e-12,4.79061e-08,1.74738e-09,1,0,0,0,1,
9.30817e-12,7.5112e-08,2.24001e-09,1,0,0,0,1,
4.36458e-12,1.80308e-08,1.1438e-09,1,0,0,0,1,
4.64283e-12,2.03488e-08,1.21211e-09,1,0,0,0,1,
4.97112e-12,2.32649e-08,1.29193e-09,1,0,0,0,1,
5.37009e-12,2.7073e-08,1.38774e-09,1,0,0,0,1,
5.87714e-12,3.23326e-08,1.50748e-09,1,0,0,0,1,
6.57278e-12,4.03169e-08,1.66767e-09,1,0,0,0,1,
7.69427e-12,5.50822e-08,1.91375e-09,1,0,0,0,1,
1.08047e-11,1.08958e-07,2.45989e-09,1,0,0,0,1,
9.02117e-12,7.65127e-08,2.07102e-09,1,0,0,0,1,
5.10845e-12,2.58025e-08,1.23969e-09,1,0,0,0,1,
5.58292e-12,3.07317e-08,1.34886e-09,1,0,0,0,1,
6.23001e-12,3.81571e-08,1.49563e-09,1,0,0,0,1,
7.26066e-12,5.16762e-08,1.72331e-09,1,0,0,0,1,
1.00747e-11,9.96264e-08,2.28587e-09,1,0,0,0,1,
8.11888e-12,6.52963e-08,1.84357e-09,1,0,0,0,1,
6.43755e-12,8.21094e-08,1.39479e-09,1,0,0,0,1,
6.01406e-12,7.17923e-08,1.24332e-09,1,0,0,0,1,
5.63028e-12,6.30563e-08,1.09558e-09,1,0,0,0,1,
5.32208e-12,5.64983e-08,9.52158e-10,1,0,0,0,1,
5.20865e-12,5.44212e-08,8.1061e-10,1,0,0,0,1,
1.33716e-11,5.71646e-07,1.13598e-09,0.999999,0,0,0,1,
1.28468e-11,5.27931e-07,1.09617e-09,0.999999,0,0,0,1,
1.233e-11,4.8658e-07,1.05692e-09,1,0,0,0,1,
1.18208e-11,4.47483e-07,1.01818e-09,1,0,0,0,1,
1.13188e-11,4.10531e-07,9.79933e-10,1,0,0,0,1,
1.08233e-11,3.75623e-07,9.42133e-10,1,0,0,0,1,
1.03338e-11,3.42657e-07,9.04737e-10,1,0,0,0,1,
9.84968e-12,3.11536e-07,8.67695e-10,1,0,0,0,1,
9.37009e-12,2.82165e-07,8.30949e-10,1,0,0,0,1,
8.89413e-12,2.54451e-07,7.9443e-10,1,0,0,0,1,
8.42066e-12,2.28301e-07,7.58056e-10,1,0,0,0,1,
7.94825e-12,2.0362e-07,7.21723e-10,1,0,0,0,1,
7.47506e-12,1.80311e-07,6.853e-10,1,0,0,0,1,
6.99859e-12,1.58271e-07,6.48611e-10,1,0,0,0,1,
6.51531e-12,1.37382e-07,6.11415e-10,1,0,0,0,1,
6.01989e-12,1.17503e-07,5.73359e-10,1,0,0,0,1,
5.50359e-12,9.84419e-08,5.33896e-10,1,0,0,0,1,
4.95041e-12,7.98978e-08,4.92117e-10,1,0,0,0,1,
4.32587e-12,6.13088e-08,4.46509e-10,1,0,0,0,1,
3.55178e-12,4.18053e-08,3.99528e-10,1,0,0,0,1,
5.89092e-12,1.16707e-07,6.88426e-10,1,0,0,0,1,
5.28487e-12,9.41248e-08,6.14711e-10,1,0,0,0,1,
4.58177e-12,7.09763e-08,5.2906e-10,1,0,0,0,1,
3.58314e-12,4.37541e-08,4.06448e-10,1,0,0,0,1,
7.28899e-12,1.8713e-07,7.62135e-10,1,0,0,0,1,
6.78984e-12,1.62562e-07,7.11231e-10,1,0,0,0,1,
6.27602e-12,1.39077e-07,6.58826e-10,1,0,0,0,1,
5.7375e-12,1.16429e-07,6.03905e-10,1,0,0,0,1,
